Country Name,Country Code,Series Name,Series Code,2023 [YR2023]
Argentina,ARG,"GDP, PPP (current international $)",NY.GDP.MKTP.PP.CD,1369904111827.83
Argentina,ARG,"Population, total",SP.POP.TOTL,46654581
Australia,AUS,"GDP, PPP (current international $)",NY.GDP.MKTP.PP.CD,1841115986451.28
Australia,AUS,"Population, total",SP.POP.TOTL,26638544
Brazil,BRA,"GDP, PPP (current international $)",NY.GDP.MKTP.PP.CD,4454930345429.17
Brazil,BRA,"Population, total",SP.POP.TOTL,216422446
China,CHN,"GDP, PPP (current international $)",NY.GDP.MKTP.PP.CD,34643706848019.9
China,CHN,"Population, total",SP.POP.TOTL,1410710000
France,FRA,"GDP, PPP (current international $)",NY.GDP.MKTP.PP.CD,4169071146832.93
France,FRA,"Population, total",SP.POP.TOTL,68170228
Germany,DEU,"GDP, PPP (current international $)",NY.GDP.MKTP.PP.CD,5857856201680.96
Germany,DEU,"Population, total",SP.POP.TOTL,84482267
India,IND,"GDP, PPP (current international $)",NY.GDP.MKTP.PP.CD,14537383619971.6
India,IND,"Population, total",SP.POP.TOTL,1428627663
Indonesia,IDN,"GDP, PPP (current international $)",NY.GDP.MKTP.PP.CD,4333084496745.12
Indonesia,IDN,"Population, total",SP.POP.TOTL,277534122
Italy,ITA,"GDP, PPP (current international $)",NY.GDP.MKTP.PP.CD,3452505720028.19
Italy,ITA,"Population, total",SP.POP.TOTL,58761146
Japan,JPN,"GDP, PPP (current international $)",NY.GDP.MKTP.PP.CD,6251558780213.59
Japan,JPN,"Population, total",SP.POP.TOTL,124516650
"Korea, Rep.",KOR,"GDP, PPP (current international $)",NY.GDP.MKTP.PP.CD,2794196215269.68
"Korea, Rep.",KOR,"Population, total",SP.POP.TOTL,51712619
Mexico,MEX,"GDP, PPP (current international $)",NY.GDP.MKTP.PP.CD,3288671325775.66
Mexico,MEX,"Population, total",SP.POP.TOTL,128455567
Netherlands,NLD,"GDP, PPP (current international $)",NY.GDP.MKTP.PP.CD,1398445339399.07
Netherlands,NLD,"Population, total",SP.POP.TOTL,17879488
Russian Federation,RUS,"GDP, PPP (current international $)",NY.GDP.MKTP.PP.CD,6452309481752.99
Russian Federation,RUS,"Population, total",SP.POP.TOTL,143826130
Saudi Arabia,SAU,"GDP, PPP (current international $)",NY.GDP.MKTP.PP.CD,2031780571125.42
Saudi Arabia,SAU,"Population, total",SP.POP.TOTL,36947025
Spain,ESP,"GDP, PPP (current international $)",NY.GDP.MKTP.PP.CD,2553107622879.82
Spain,ESP,"Population, total",SP.POP.TOTL,48373336
Switzerland,CHE,"GDP, PPP (current international $)",NY.GDP.MKTP.PP.CD,822862795503.963
Switzerland,CHE,"Population, total",SP.POP.TOTL,8849852
Turkiye,TUR,"GDP, PPP (current international $)",NY.GDP.MKTP.PP.CD,3767230350036.06
Turkiye,TUR,"Population, total",SP.POP.TOTL,85326000
United Kingdom,GBR,"GDP, PPP (current international $)",NY.GDP.MKTP.PP.CD,4026241425912.98
United Kingdom,GBR,"Population, total",SP.POP.TOTL,68350000
United States,USA,"GDP, PPP (current international $)",NY.GDP.MKTP.PP.CD,27360934999999.9
United States,USA,"Population, total",SP.POP.TOTL,334914895
Afghanistan,AFG,"GDP, PPP (current international $)",NY.GDP.MKTP.PP.CD,..
Afghanistan,AFG,"Population, total",SP.POP.TOTL,42239854
Albania,ALB,"GDP, PPP (current international $)",NY.GDP.MKTP.PP.CD,58750963483.224
Albania,ALB,"Population, total",SP.POP.TOTL,2745972
Algeria,DZA,"GDP, PPP (current international $)",NY.GDP.MKTP.PP.CD,776539787081.926
Algeria,DZA,"Population, total",SP.POP.TOTL,45606480
American Samoa,ASM,"GDP, PPP (current international $)",NY.GDP.MKTP.PP.CD,..
American Samoa,ASM,"Population, total",SP.POP.TOTL,43914
Andorra,AND,"GDP, PPP (current international $)",NY.GDP.MKTP.PP.CD,5733298240.48091
Andorra,AND,"Population, total",SP.POP.TOTL,80088
Angola,AGO,"GDP, PPP (current international $)",NY.GDP.MKTP.PP.CD,294960925634.98
Angola,AGO,"Population, total",SP.POP.TOTL,36684202
Antigua and Barbuda,ATG,"GDP, PPP (current international $)",NY.GDP.MKTP.PP.CD,2998900564.87573
Antigua and Barbuda,ATG,"Population, total",SP.POP.TOTL,94298
Armenia,ARM,"GDP, PPP (current international $)",NY.GDP.MKTP.PP.CD,64044988615.0703
Armenia,ARM,"Population, total",SP.POP.TOTL,2777970
Aruba,ABW,"GDP, PPP (current international $)",NY.GDP.MKTP.PP.CD,..
Aruba,ABW,"Population, total",SP.POP.TOTL,106277
Austria,AUT,"GDP, PPP (current international $)",NY.GDP.MKTP.PP.CD,673525599682.749
Austria,AUT,"Population, total",SP.POP.TOTL,9132383
Azerbaijan,AZE,"GDP, PPP (current international $)",NY.GDP.MKTP.PP.CD,239521312200.162
Azerbaijan,AZE,"Population, total",SP.POP.TOTL,10112555
"Bahamas, The",BHS,"GDP, PPP (current international $)",NY.GDP.MKTP.PP.CD,14670728026.1
"Bahamas, The",BHS,"Population, total",SP.POP.TOTL,412623
Bahrain,BHR,"GDP, PPP (current international $)",NY.GDP.MKTP.PP.CD,94846525691.8074
Bahrain,BHR,"Population, total",SP.POP.TOTL,1485509
Bangladesh,BGD,"GDP, PPP (current international $)",NY.GDP.MKTP.PP.CD,1567951785438.2
Bangladesh,BGD,"Population, total",SP.POP.TOTL,172954319
Barbados,BRB,"GDP, PPP (current international $)",NY.GDP.MKTP.PP.CD,5458624997.04146
Barbados,BRB,"Population, total",SP.POP.TOTL,281995
Belarus,BLR,"GDP, PPP (current international $)",NY.GDP.MKTP.PP.CD,282246388899.887
Belarus,BLR,"Population, total",SP.POP.TOTL,9178298
Belgium,BEL,"GDP, PPP (current international $)",NY.GDP.MKTP.PP.CD,832972050437.144
Belgium,BEL,"Population, total",SP.POP.TOTL,11822592
Belize,BLZ,"GDP, PPP (current international $)",NY.GDP.MKTP.PP.CD,5831789718.25552
Belize,BLZ,"Population, total",SP.POP.TOTL,410825
Benin,BEN,"GDP, PPP (current international $)",NY.GDP.MKTP.PP.CD,58256355529.4937
Benin,BEN,"Population, total",SP.POP.TOTL,13712828
Bermuda,BMU,"GDP, PPP (current international $)",NY.GDP.MKTP.PP.CD,..
Bermuda,BMU,"Population, total",SP.POP.TOTL,63489
Bhutan,BTN,"GDP, PPP (current international $)",NY.GDP.MKTP.PP.CD,..
Bhutan,BTN,"Population, total",SP.POP.TOTL,787424
Bolivia,BOL,"GDP, PPP (current international $)",NY.GDP.MKTP.PP.CD,132892186347.721
Bolivia,BOL,"Population, total",SP.POP.TOTL,12388571
Bosnia and Herzegovina,BIH,"GDP, PPP (current international $)",NY.GDP.MKTP.PP.CD,73353464695.4674
Bosnia and Herzegovina,BIH,"Population, total",SP.POP.TOTL,3210847
Botswana,BWA,"GDP, PPP (current international $)",NY.GDP.MKTP.PP.CD,51856809570.5722
Botswana,BWA,"Population, total",SP.POP.TOTL,2675352
British Virgin Islands,VGB,"GDP, PPP (current international $)",NY.GDP.MKTP.PP.CD,..
British Virgin Islands,VGB,"Population, total",SP.POP.TOTL,31538
Brunei Darussalam,BRN,"GDP, PPP (current international $)",NY.GDP.MKTP.PP.CD,39118736084.2569
Brunei Darussalam,BRN,"Population, total",SP.POP.TOTL,452524
Bulgaria,BGR,"GDP, PPP (current international $)",NY.GDP.MKTP.PP.CD,248788109254.501
Bulgaria,BGR,"Population, total",SP.POP.TOTL,6430370
Burkina Faso,BFA,"GDP, PPP (current international $)",NY.GDP.MKTP.PP.CD,63405458216.3658
Burkina Faso,BFA,"Population, total",SP.POP.TOTL,23251485
Burundi,BDI,"GDP, PPP (current international $)",NY.GDP.MKTP.PP.CD,12588278518.6641
Burundi,BDI,"Population, total",SP.POP.TOTL,13238559
Cabo Verde,CPV,"GDP, PPP (current international $)",NY.GDP.MKTP.PP.CD,5439764468.1542
Cabo Verde,CPV,"Population, total",SP.POP.TOTL,598682
Cambodia,KHM,"GDP, PPP (current international $)",NY.GDP.MKTP.PP.CD,95300031597.3521
Cambodia,KHM,"Population, total",SP.POP.TOTL,16944826
Cameroon,CMR,"GDP, PPP (current international $)",NY.GDP.MKTP.PP.CD,154126988108.264
Cameroon,CMR,"Population, total",SP.POP.TOTL,28647293
Canada,CAN,"GDP, PPP (current international $)",NY.GDP.MKTP.PP.CD,2469314350968.61
Canada,CAN,"Population, total",SP.POP.TOTL,40097761
Cayman Islands,CYM,"GDP, PPP (current international $)",NY.GDP.MKTP.PP.CD,..
Cayman Islands,CYM,"Population, total",SP.POP.TOTL,69310
Central African Republic,CAF,"GDP, PPP (current international $)",NY.GDP.MKTP.PP.CD,6488703710.70721
Central African Republic,CAF,"Population, total",SP.POP.TOTL,5742315
Chad,TCD,"GDP, PPP (current international $)",NY.GDP.MKTP.PP.CD,35996041269.0141
Chad,TCD,"Population, total",SP.POP.TOTL,18278568
Channel Islands,CHI,"GDP, PPP (current international $)",NY.GDP.MKTP.PP.CD,..
Channel Islands,CHI,"Population, total",SP.POP.TOTL,175346
Chile,CHL,"GDP, PPP (current international $)",NY.GDP.MKTP.PP.CD,653360984982.927
Chile,CHL,"Population, total",SP.POP.TOTL,19629590
Colombia,COL,"GDP, PPP (current international $)",NY.GDP.MKTP.PP.CD,1122331896369.35
Colombia,COL,"Population, total",SP.POP.TOTL,52085168
Comoros,COM,"GDP, PPP (current international $)",NY.GDP.MKTP.PP.CD,3284569153.71375
Comoros,COM,"Population, total",SP.POP.TOTL,852075
"Congo, Dem. Rep.",COD,"GDP, PPP (current international $)",NY.GDP.MKTP.PP.CD,170865528305.487
"Congo, Dem. Rep.",COD,"Population, total",SP.POP.TOTL,102262808
"Congo, Rep.",COG,"GDP, PPP (current international $)",NY.GDP.MKTP.PP.CD,42338545429.6096
"Congo, Rep.",COG,"Population, total",SP.POP.TOTL,6106869
Costa Rica,CRI,"GDP, PPP (current international $)",NY.GDP.MKTP.PP.CD,145693143940.235
Costa Rica,CRI,"Population, total",SP.POP.TOTL,5212173
Cote d'Ivoire,CIV,"GDP, PPP (current international $)",NY.GDP.MKTP.PP.CD,224945636305.814
Cote d'Ivoire,CIV,"Population, total",SP.POP.TOTL,28873034
Croatia,HRV,"GDP, PPP (current international $)",NY.GDP.MKTP.PP.CD,176899003594.426
Croatia,HRV,"Population, total",SP.POP.TOTL,3853200
Cuba,CUB,"GDP, PPP (current international $)",NY.GDP.MKTP.PP.CD,..
Cuba,CUB,"Population, total",SP.POP.TOTL,11194449
Curacao,CUW,"GDP, PPP (current international $)",NY.GDP.MKTP.PP.CD,..
Curacao,CUW,"Population, total",SP.POP.TOTL,147862
Cyprus,CYP,"GDP, PPP (current international $)",NY.GDP.MKTP.PP.CD,53033142804.6904
Cyprus,CYP,"Population, total",SP.POP.TOTL,1260138
Czechia,CZE,"GDP, PPP (current international $)",NY.GDP.MKTP.PP.CD,585187183031.821
Czechia,CZE,"Population, total",SP.POP.TOTL,10873689
Denmark,DNK,"GDP, PPP (current international $)",NY.GDP.MKTP.PP.CD,456059277192.33
Denmark,DNK,"Population, total",SP.POP.TOTL,5946952
Djibouti,DJI,"GDP, PPP (current international $)",NY.GDP.MKTP.PP.CD,8187076864.87663
Djibouti,DJI,"Population, total",SP.POP.TOTL,1136455
Dominica,DMA,"GDP, PPP (current international $)",NY.GDP.MKTP.PP.CD,1285404929.85536
Dominica,DMA,"Population, total",SP.POP.TOTL,73040
Dominican Republic,DOM,"GDP, PPP (current international $)",NY.GDP.MKTP.PP.CD,290243213881.234
Dominican Republic,DOM,"Population, total",SP.POP.TOTL,11332972
Ecuador,ECU,"GDP, PPP (current international $)",NY.GDP.MKTP.PP.CD,288687741566.654
Ecuador,ECU,"Population, total",SP.POP.TOTL,18190484
"Egypt, Arab Rep.",EGY,"GDP, PPP (current international $)",NY.GDP.MKTP.PP.CD,2120932496602.28
"Egypt, Arab Rep.",EGY,"Population, total",SP.POP.TOTL,112716598
El Salvador,SLV,"GDP, PPP (current international $)",NY.GDP.MKTP.PP.CD,79831081962.8609
El Salvador,SLV,"Population, total",SP.POP.TOTL,6364943
Equatorial Guinea,GNQ,"GDP, PPP (current international $)",NY.GDP.MKTP.PP.CD,32104894668.8628
Equatorial Guinea,GNQ,"Population, total",SP.POP.TOTL,1714671
Eritrea,ERI,"GDP, PPP (current international $)",NY.GDP.MKTP.PP.CD,..
Eritrea,ERI,"Population, total",SP.POP.TOTL,3748901
Estonia,EST,"GDP, PPP (current international $)",NY.GDP.MKTP.PP.CD,66932475061.8128
Estonia,EST,"Population, total",SP.POP.TOTL,1366188
Eswatini,SWZ,"GDP, PPP (current international $)",NY.GDP.MKTP.PP.CD,14216037435.7266
Eswatini,SWZ,"Population, total",SP.POP.TOTL,1210822
Ethiopia,ETH,"GDP, PPP (current international $)",NY.GDP.MKTP.PP.CD,393407615830.967
Ethiopia,ETH,"Population, total",SP.POP.TOTL,126527060
Faroe Islands,FRO,"GDP, PPP (current international $)",NY.GDP.MKTP.PP.CD,..
Faroe Islands,FRO,"Population, total",SP.POP.TOTL,53270
Fiji,FJI,"GDP, PPP (current international $)",NY.GDP.MKTP.PP.CD,14089135375.1744
Fiji,FJI,"Population, total",SP.POP.TOTL,936375
Finland,FIN,"GDP, PPP (current international $)",NY.GDP.MKTP.PP.CD,363315980537.649
Finland,FIN,"Population, total",SP.POP.TOTL,5584264
French Polynesia,PYF,"GDP, PPP (current international $)",NY.GDP.MKTP.PP.CD,..
French Polynesia,PYF,"Population, total",SP.POP.TOTL,308872
Gabon,GAB,"GDP, PPP (current international $)",NY.GDP.MKTP.PP.CD,53475291714.6235
Gabon,GAB,"Population, total",SP.POP.TOTL,2436566
"Gambia, The",GMB,"GDP, PPP (current international $)",NY.GDP.MKTP.PP.CD,8770162650.87342
"Gambia, The",GMB,"Population, total",SP.POP.TOTL,2773168
Georgia,GEO,"GDP, PPP (current international $)",NY.GDP.MKTP.PP.CD,92810510894.1995
Georgia,GEO,"Population, total",SP.POP.TOTL,3760365
Ghana,GHA,"GDP, PPP (current international $)",NY.GDP.MKTP.PP.CD,254767258977.456
Ghana,GHA,"Population, total",SP.POP.TOTL,34121985
Gibraltar,GIB,"GDP, PPP (current international $)",NY.GDP.MKTP.PP.CD,..
Gibraltar,GIB,"Population, total",SP.POP.TOTL,32688
Greece,GRC,"GDP, PPP (current international $)",NY.GDP.MKTP.PP.CD,426748711342.701
Greece,GRC,"Population, total",SP.POP.TOTL,10361295
Greenland,GRL,"GDP, PPP (current international $)",NY.GDP.MKTP.PP.CD,..
Greenland,GRL,"Population, total",SP.POP.TOTL,56865
Grenada,GRD,"GDP, PPP (current international $)",NY.GDP.MKTP.PP.CD,2227647008.57345
Grenada,GRD,"Population, total",SP.POP.TOTL,126183
Guam,GUM,"GDP, PPP (current international $)",NY.GDP.MKTP.PP.CD,..
Guam,GUM,"Population, total",SP.POP.TOTL,172952
Guatemala,GTM,"GDP, PPP (current international $)",NY.GDP.MKTP.PP.CD,247604803198.928
Guatemala,GTM,"Population, total",SP.POP.TOTL,17602431
Guinea,GIN,"GDP, PPP (current international $)",NY.GDP.MKTP.PP.CD,62855095953.4381
Guinea,GIN,"Population, total",SP.POP.TOTL,14190612
Guinea-Bissau,GNB,"GDP, PPP (current international $)",NY.GDP.MKTP.PP.CD,5657343667.73728
Guinea-Bissau,GNB,"Population, total",SP.POP.TOTL,2150842
Guyana,GUY,"GDP, PPP (current international $)",NY.GDP.MKTP.PP.CD,44974521636.049
Guyana,GUY,"Population, total",SP.POP.TOTL,813834
Haiti,HTI,"GDP, PPP (current international $)",NY.GDP.MKTP.PP.CD,38170408504.8915
Haiti,HTI,"Population, total",SP.POP.TOTL,11724763
Honduras,HND,"GDP, PPP (current international $)",NY.GDP.MKTP.PP.CD,76388585646.7349
Honduras,HND,"Population, total",SP.POP.TOTL,10593798
"Hong Kong SAR, China",HKG,"GDP, PPP (current international $)",NY.GDP.MKTP.PP.CD,538692245589.201
"Hong Kong SAR, China",HKG,"Population, total",SP.POP.TOTL,7536100
Hungary,HUN,"GDP, PPP (current international $)",NY.GDP.MKTP.PP.CD,440579524817.948
Hungary,HUN,"Population, total",SP.POP.TOTL,9589872
Iceland,ISL,"GDP, PPP (current international $)",NY.GDP.MKTP.PP.CD,30530446697.4294
Iceland,ISL,"Population, total",SP.POP.TOTL,393600
"Iran, Islamic Rep.",IRN,"GDP, PPP (current international $)",NY.GDP.MKTP.PP.CD,1598124392063.68
"Iran, Islamic Rep.",IRN,"Population, total",SP.POP.TOTL,89172767
Iraq,IRQ,"GDP, PPP (current international $)",NY.GDP.MKTP.PP.CD,635633821211.193
Iraq,IRQ,"Population, total",SP.POP.TOTL,45504560
Ireland,IRL,"GDP, PPP (current international $)",NY.GDP.MKTP.PP.CD,671603053638.308
Ireland,IRL,"Population, total",SP.POP.TOTL,5262382
Isle of Man,IMN,"GDP, PPP (current international $)",NY.GDP.MKTP.PP.CD,..
Isle of Man,IMN,"Population, total",SP.POP.TOTL,84710
Israel,ISR,"GDP, PPP (current international $)",NY.GDP.MKTP.PP.CD,521339472593.987
Israel,ISR,"Population, total",SP.POP.TOTL,9756700
Jamaica,JAM,"GDP, PPP (current international $)",NY.GDP.MKTP.PP.CD,32423133605.2628
Jamaica,JAM,"Population, total",SP.POP.TOTL,2825544
Jordan,JOR,"GDP, PPP (current international $)",NY.GDP.MKTP.PP.CD,118493876514.991
Jordan,JOR,"Population, total",SP.POP.TOTL,11337052
Kazakhstan,KAZ,"GDP, PPP (current international $)",NY.GDP.MKTP.PP.CD,782723115253.46
Kazakhstan,KAZ,"Population, total",SP.POP.TOTL,19900177
Kenya,KEN,"GDP, PPP (current international $)",NY.GDP.MKTP.PP.CD,348430406994.172
Kenya,KEN,"Population, total",SP.POP.TOTL,55100586
Kiribati,KIR,"GDP, PPP (current international $)",NY.GDP.MKTP.PP.CD,470205839.795071
Kiribati,KIR,"Population, total",SP.POP.TOTL,133515
"Korea, Dem. People's Rep.",PRK,"GDP, PPP (current international $)",NY.GDP.MKTP.PP.CD,..
"Korea, Dem. People's Rep.",PRK,"Population, total",SP.POP.TOTL,26160821
Kosovo,XKX,"GDP, PPP (current international $)",NY.GDP.MKTP.PP.CD,26397157992.7128
Kosovo,XKX,"Population, total",SP.POP.TOTL,1756374
Kuwait,KWT,"GDP, PPP (current international $)",NY.GDP.MKTP.PP.CD,243031018261.773
Kuwait,KWT,"Population, total",SP.POP.TOTL,4310108
Kyrgyz Republic,KGZ,"GDP, PPP (current international $)",NY.GDP.MKTP.PP.CD,50435329471.9201
Kyrgyz Republic,KGZ,"Population, total",SP.POP.TOTL,7100800
Lao PDR,LAO,"GDP, PPP (current international $)",NY.GDP.MKTP.PP.CD,71194700820.9113
Lao PDR,LAO,"Population, total",SP.POP.TOTL,7633779
Latvia,LVA,"GDP, PPP (current international $)",NY.GDP.MKTP.PP.CD,79976309217.0466
Latvia,LVA,"Population, total",SP.POP.TOTL,1881750
Lebanon,LBN,"GDP, PPP (current international $)",NY.GDP.MKTP.PP.CD,..
Lebanon,LBN,"Population, total",SP.POP.TOTL,5353930
Lesotho,LSO,"GDP, PPP (current international $)",NY.GDP.MKTP.PP.CD,6510587634.40068
Lesotho,LSO,"Population, total",SP.POP.TOTL,2330318
Liberia,LBR,"GDP, PPP (current international $)",NY.GDP.MKTP.PP.CD,9856286055.99382
Liberia,LBR,"Population, total",SP.POP.TOTL,5418377
Libya,LBY,"GDP, PPP (current international $)",NY.GDP.MKTP.PP.CD,135295820261.288
Libya,LBY,"Population, total",SP.POP.TOTL,6888388
Liechtenstein,LIE,"GDP, PPP (current international $)",NY.GDP.MKTP.PP.CD,..
Liechtenstein,LIE,"Population, total",SP.POP.TOTL,39584
Lithuania,LTU,"GDP, PPP (current international $)",NY.GDP.MKTP.PP.CD,148985419391.692
Lithuania,LTU,"Population, total",SP.POP.TOTL,2871897
Luxembourg,LUX,"GDP, PPP (current international $)",NY.GDP.MKTP.PP.CD,95838968979.9767
Luxembourg,LUX,"Population, total",SP.POP.TOTL,668606
"Macao SAR, China",MAC,"GDP, PPP (current international $)",NY.GDP.MKTP.PP.CD,79697811075.4615
"Macao SAR, China",MAC,"Population, total",SP.POP.TOTL,704149
Madagascar,MDG,"GDP, PPP (current international $)",NY.GDP.MKTP.PP.CD,56864194677.63
Madagascar,MDG,"Population, total",SP.POP.TOTL,30325732
Malawi,MWI,"GDP, PPP (current international $)",NY.GDP.MKTP.PP.CD,39093683846.1074
Malawi,MWI,"Population, total",SP.POP.TOTL,20931751
Malaysia,MYS,"GDP, PPP (current international $)",NY.GDP.MKTP.PP.CD,1277913684402.86
Malaysia,MYS,"Population, total",SP.POP.TOTL,34308525
Maldives,MDV,"GDP, PPP (current international $)",NY.GDP.MKTP.PP.CD,12925857730.3072
Maldives,MDV,"Population, total",SP.POP.TOTL,521021
Mali,MLI,"GDP, PPP (current international $)",NY.GDP.MKTP.PP.CD,63497592543.7411
Mali,MLI,"Population, total",SP.POP.TOTL,23293698
Malta,MLT,"GDP, PPP (current international $)",NY.GDP.MKTP.PP.CD,34545825240.0411
Malta,MLT,"Population, total",SP.POP.TOTL,553214
Marshall Islands,MHL,"GDP, PPP (current international $)",NY.GDP.MKTP.PP.CD,314608252.736915
Marshall Islands,MHL,"Population, total",SP.POP.TOTL,41996
Mauritania,MRT,"GDP, PPP (current international $)",NY.GDP.MKTP.PP.CD,33721317284.4942
Mauritania,MRT,"Population, total",SP.POP.TOTL,4862989
Mauritius,MUS,"GDP, PPP (current international $)",NY.GDP.MKTP.PP.CD,37198780767.8973
Mauritius,MUS,"Population, total",SP.POP.TOTL,1261041
"Micronesia, Fed. Sts.",FSM,"GDP, PPP (current international $)",NY.GDP.MKTP.PP.CD,485842846.343257
"Micronesia, Fed. Sts.",FSM,"Population, total",SP.POP.TOTL,115224
Moldova,MDA,"GDP, PPP (current international $)",NY.GDP.MKTP.PP.CD,43233050427.4106
Moldova,MDA,"Population, total",SP.POP.TOTL,2486891
Monaco,MCO,"GDP, PPP (current international $)",NY.GDP.MKTP.PP.CD,..
Monaco,MCO,"Population, total",SP.POP.TOTL,36297
Mongolia,MNG,"GDP, PPP (current international $)",NY.GDP.MKTP.PP.CD,62421131192.2578
Mongolia,MNG,"Population, total",SP.POP.TOTL,3447157
Montenegro,MNE,"GDP, PPP (current international $)",NY.GDP.MKTP.PP.CD,19234815247.5197
Montenegro,MNE,"Population, total",SP.POP.TOTL,616177
Morocco,MAR,"GDP, PPP (current international $)",NY.GDP.MKTP.PP.CD,374409076081.669
Morocco,MAR,"Population, total",SP.POP.TOTL,37840044
Mozambique,MOZ,"GDP, PPP (current international $)",NY.GDP.MKTP.PP.CD,56171634685.559
Mozambique,MOZ,"Population, total",SP.POP.TOTL,33897354
Myanmar,MMR,"GDP, PPP (current international $)",NY.GDP.MKTP.PP.CD,322296341270.624
Myanmar,MMR,"Population, total",SP.POP.TOTL,54577997
Namibia,NAM,"GDP, PPP (current international $)",NY.GDP.MKTP.PP.CD,33220228536.5263
Namibia,NAM,"Population, total",SP.POP.TOTL,2604172
Nauru,NRU,"GDP, PPP (current international $)",NY.GDP.MKTP.PP.CD,161929678.193101
Nauru,NRU,"Population, total",SP.POP.TOTL,12780
Nepal,NPL,"GDP, PPP (current international $)",NY.GDP.MKTP.PP.CD,160101237655.652
Nepal,NPL,"Population, total",SP.POP.TOTL,30896590
New Caledonia,NCL,"GDP, PPP (current international $)",NY.GDP.MKTP.PP.CD,..
New Caledonia,NCL,"Population, total",SP.POP.TOTL,267940
New Zealand,NZL,"GDP, PPP (current international $)",NY.GDP.MKTP.PP.CD,282620901588.833
New Zealand,NZL,"Population, total",SP.POP.TOTL,5223100
Nicaragua,NIC,"GDP, PPP (current international $)",NY.GDP.MKTP.PP.CD,56678665269.5327
Nicaragua,NIC,"Population, total",SP.POP.TOTL,7046310
Niger,NER,"GDP, PPP (current international $)",NY.GDP.MKTP.PP.CD,49436759012.3938
Niger,NER,"Population, total",SP.POP.TOTL,27202843
Nigeria,NGA,"GDP, PPP (current international $)",NY.GDP.MKTP.PP.CD,1414033302015.18
Nigeria,NGA,"Population, total",SP.POP.TOTL,223804632
North Macedonia,MKD,"GDP, PPP (current international $)",NY.GDP.MKTP.PP.CD,45068909110.3196
North Macedonia,MKD,"Population, total",SP.POP.TOTL,1811980
Northern Mariana Islands,MNP,"GDP, PPP (current international $)",NY.GDP.MKTP.PP.CD,..
Northern Mariana Islands,MNP,"Population, total",SP.POP.TOTL,49796
Norway,NOR,"GDP, PPP (current international $)",NY.GDP.MKTP.PP.CD,576575751130.185
Norway,NOR,"Population, total",SP.POP.TOTL,5519594
Oman,OMN,"GDP, PPP (current international $)",NY.GDP.MKTP.PP.CD,206309101066.401
Oman,OMN,"Population, total",SP.POP.TOTL,4644384
Pakistan,PAK,"GDP, PPP (current international $)",NY.GDP.MKTP.PP.CD,1493905948493.04
Pakistan,PAK,"Population, total",SP.POP.TOTL,240485658
Palau,PLW,"GDP, PPP (current international $)",NY.GDP.MKTP.PP.CD,315848005.785186
Palau,PLW,"Population, total",SP.POP.TOTL,18058
Panama,PAN,"GDP, PPP (current international $)",NY.GDP.MKTP.PP.CD,177361079662.573
Panama,PAN,"Population, total",SP.POP.TOTL,4468087
Papua New Guinea,PNG,"GDP, PPP (current international $)",NY.GDP.MKTP.PP.CD,47593932955.3641
Papua New Guinea,PNG,"Population, total",SP.POP.TOTL,10329931
Paraguay,PRY,"GDP, PPP (current international $)",NY.GDP.MKTP.PP.CD,119842424233.451
Paraguay,PRY,"Population, total",SP.POP.TOTL,6861524
Peru,PER,"GDP, PPP (current international $)",NY.GDP.MKTP.PP.CD,574287564176.55
Peru,PER,"Population, total",SP.POP.TOTL,34352719
Philippines,PHL,"GDP, PPP (current international $)",NY.GDP.MKTP.PP.CD,1262021926766.72
Philippines,PHL,"Population, total",SP.POP.TOTL,117337368
Poland,POL,"GDP, PPP (current international $)",NY.GDP.MKTP.PP.CD,1814628510978.85
Poland,POL,"Population, total",SP.POP.TOTL,36685849
Portugal,PRT,"GDP, PPP (current international $)",NY.GDP.MKTP.PP.CD,513203889481.658
Portugal,PRT,"Population, total",SP.POP.TOTL,10525347
Puerto Rico,PRI,"GDP, PPP (current international $)",NY.GDP.MKTP.PP.CD,152910055132.19
Puerto Rico,PRI,"Population, total",SP.POP.TOTL,3205691
Qatar,QAT,"GDP, PPP (current international $)",NY.GDP.MKTP.PP.CD,..
Qatar,QAT,"Population, total",SP.POP.TOTL,2716391
Romania,ROU,"GDP, PPP (current international $)",NY.GDP.MKTP.PP.CD,912851625716.229
Romania,ROU,"Population, total",SP.POP.TOTL,19056116
Rwanda,RWA,"GDP, PPP (current international $)",NY.GDP.MKTP.PP.CD,47373720860.1732
Rwanda,RWA,"Population, total",SP.POP.TOTL,14094683
Samoa,WSM,"GDP, PPP (current international $)",NY.GDP.MKTP.PP.CD,1507687058.11207
Samoa,WSM,"Population, total",SP.POP.TOTL,225681
San Marino,SMR,"GDP, PPP (current international $)",NY.GDP.MKTP.PP.CD,..
San Marino,SMR,"Population, total",SP.POP.TOTL,33642
Sao Tome and Principe,STP,"GDP, PPP (current international $)",NY.GDP.MKTP.PP.CD,1405892497.60699
Sao Tome and Principe,STP,"Population, total",SP.POP.TOTL,231856
Senegal,SEN,"GDP, PPP (current international $)",NY.GDP.MKTP.PP.CD,85849944842.2372
Senegal,SEN,"Population, total",SP.POP.TOTL,17763163
Serbia,SRB,"GDP, PPP (current international $)",NY.GDP.MKTP.PP.CD,181345752541.783
Serbia,SRB,"Population, total",SP.POP.TOTL,6618026
Seychelles,SYC,"GDP, PPP (current international $)",NY.GDP.MKTP.PP.CD,3915815375.135
Seychelles,SYC,"Population, total",SP.POP.TOTL,119773
Sierra Leone,SLE,"GDP, PPP (current international $)",NY.GDP.MKTP.PP.CD,16234367685
Sierra Leone,SLE,"Population, total",SP.POP.TOTL,8791092
Singapore,SGP,"GDP, PPP (current international $)",NY.GDP.MKTP.PP.CD,837348495523.865
Singapore,SGP,"Population, total",SP.POP.TOTL,5917648
Sint Maarten (Dutch part),SXM,"GDP, PPP (current international $)",NY.GDP.MKTP.PP.CD,2121010188.96168
Sint Maarten (Dutch part),SXM,"Population, total",SP.POP.TOTL,41163
Slovak Republic,SVK,"GDP, PPP (current international $)",NY.GDP.MKTP.PP.CD,242305041708.428
Slovak Republic,SVK,"Population, total",SP.POP.TOTL,5426740
Slovenia,SVN,"GDP, PPP (current international $)",NY.GDP.MKTP.PP.CD,116540122470.467
Slovenia,SVN,"Population, total",SP.POP.TOTL,2120937
Solomon Islands,SLB,"GDP, PPP (current international $)",NY.GDP.MKTP.PP.CD,2247079294.59487
Solomon Islands,SLB,"Population, total",SP.POP.TOTL,740424
Somalia,SOM,"GDP, PPP (current international $)",NY.GDP.MKTP.PP.CD,29234137743.9004
Somalia,SOM,"Population, total",SP.POP.TOTL,18143378
South Africa,ZAF,"GDP, PPP (current international $)",NY.GDP.MKTP.PP.CD,957414333113.818
South Africa,ZAF,"Population, total",SP.POP.TOTL,60414495
South Sudan,SSD,"GDP, PPP (current international $)",NY.GDP.MKTP.PP.CD,..
South Sudan,SSD,"Population, total",SP.POP.TOTL,11088796
Sri Lanka,LKA,"GDP, PPP (current international $)",NY.GDP.MKTP.PP.CD,318551481729.507
Sri Lanka,LKA,"Population, total",SP.POP.TOTL,22037000
St. Kitts and Nevis,KNA,"GDP, PPP (current international $)",NY.GDP.MKTP.PP.CD,1595151988.05974
St. Kitts and Nevis,KNA,"Population, total",SP.POP.TOTL,47755
St. Lucia,LCA,"GDP, PPP (current international $)",NY.GDP.MKTP.PP.CD,4529473245.75138
St. Lucia,LCA,"Population, total",SP.POP.TOTL,180251
St. Martin (French part),MAF,"GDP, PPP (current international $)",NY.GDP.MKTP.PP.CD,..
St. Martin (French part),MAF,"Population, total",SP.POP.TOTL,32077
St. Vincent and the Grenadines,VCT,"GDP, PPP (current international $)",NY.GDP.MKTP.PP.CD,2061069215.96471
St. Vincent and the Grenadines,VCT,"Population, total",SP.POP.TOTL,103698
Sudan,SDN,"GDP, PPP (current international $)",NY.GDP.MKTP.PP.CD,150925743560.905
Sudan,SDN,"Population, total",SP.POP.TOTL,48109006
Suriname,SUR,"GDP, PPP (current international $)",NY.GDP.MKTP.PP.CD,13117361867.9921
Suriname,SUR,"Population, total",SP.POP.TOTL,623236
Sweden,SWE,"GDP, PPP (current international $)",NY.GDP.MKTP.PP.CD,739741230780.839
Sweden,SWE,"Population, total",SP.POP.TOTL,10536632
Syrian Arab Republic,SYR,"GDP, PPP (current international $)",NY.GDP.MKTP.PP.CD,..
Syrian Arab Republic,SYR,"Population, total",SP.POP.TOTL,23227014
Tajikistan,TJK,"GDP, PPP (current international $)",NY.GDP.MKTP.PP.CD,51551228216.482
Tajikistan,TJK,"Population, total",SP.POP.TOTL,10143543
Tanzania,TZA,"GDP, PPP (current international $)",NY.GDP.MKTP.PP.CD,259661122261.078
Tanzania,TZA,"Population, total",SP.POP.TOTL,67438106
Thailand,THA,"GDP, PPP (current international $)",NY.GDP.MKTP.PP.CD,1681795914995.91
Thailand,THA,"Population, total",SP.POP.TOTL,71801279
Timor-Leste,TLS,"GDP, PPP (current international $)",NY.GDP.MKTP.PP.CD,6950883639.96023
Timor-Leste,TLS,"Population, total",SP.POP.TOTL,1360596
Togo,TGO,"GDP, PPP (current international $)",NY.GDP.MKTP.PP.CD,28567633064.1643
Togo,TGO,"Population, total",SP.POP.TOTL,9053799
Tonga,TON,"GDP, PPP (current international $)",NY.GDP.MKTP.PP.CD,..
Tonga,TON,"Population, total",SP.POP.TOTL,107773
Trinidad and Tobago,TTO,"GDP, PPP (current international $)",NY.GDP.MKTP.PP.CD,48461186026.2139
Trinidad and Tobago,TTO,"Population, total",SP.POP.TOTL,1534937
Tunisia,TUN,"GDP, PPP (current international $)",NY.GDP.MKTP.PP.CD,170448561952.22
Tunisia,TUN,"Population, total",SP.POP.TOTL,12458223
Turkmenistan,TKM,"GDP, PPP (current international $)",NY.GDP.MKTP.PP.CD,..
Turkmenistan,TKM,"Population, total",SP.POP.TOTL,6516100
Turks and Caicos Islands,TCA,"GDP, PPP (current international $)",NY.GDP.MKTP.PP.CD,1143238488.90739
Turks and Caicos Islands,TCA,"Population, total",SP.POP.TOTL,46062
Tuvalu,TUV,"GDP, PPP (current international $)",NY.GDP.MKTP.PP.CD,65680332.197614
Tuvalu,TUV,"Population, total",SP.POP.TOTL,11396
Uganda,UGA,"GDP, PPP (current international $)",NY.GDP.MKTP.PP.CD,150513464164.661
Uganda,UGA,"Population, total",SP.POP.TOTL,48582334
Ukraine,UKR,"GDP, PPP (current international $)",NY.GDP.MKTP.PP.CD,621258264021.884
Ukraine,UKR,"Population, total",SP.POP.TOTL,37000000
United Arab Emirates,ARE,"GDP, PPP (current international $)",NY.GDP.MKTP.PP.CD,798490897661.115
United Arab Emirates,ARE,"Population, total",SP.POP.TOTL,9516871
Uruguay,URY,"GDP, PPP (current international $)",NY.GDP.MKTP.PP.CD,116596237470.135
Uruguay,URY,"Population, total",SP.POP.TOTL,3423108
Uzbekistan,UZB,"GDP, PPP (current international $)",NY.GDP.MKTP.PP.CD,354100418359.121
Uzbekistan,UZB,"Population, total",SP.POP.TOTL,36412350
Vanuatu,VUT,"GDP, PPP (current international $)",NY.GDP.MKTP.PP.CD,1108911958.50258
Vanuatu,VUT,"Population, total",SP.POP.TOTL,334506
"Venezuela, RB",VEN,"GDP, PPP (current international $)",NY.GDP.MKTP.PP.CD,..
"Venezuela, RB",VEN,"Population, total",SP.POP.TOTL,28838499
Viet Nam,VNM,"GDP, PPP (current international $)",NY.GDP.MKTP.PP.CD,1502096773515.35
Viet Nam,VNM,"Population, total",SP.POP.TOTL,98858950
Virgin Islands (U.S.),VIR,"GDP, PPP (current international $)",NY.GDP.MKTP.PP.CD,..
Virgin Islands (U.S.),VIR,"Population, total",SP.POP.TOTL,104917
West Bank and Gaza,PSE,"GDP, PPP (current international $)",NY.GDP.MKTP.PP.CD,30418120122.0793
West Bank and Gaza,PSE,"Population, total",SP.POP.TOTL,5165775
"Yemen, Rep.",YEM,"GDP, PPP (current international $)",NY.GDP.MKTP.PP.CD,..
"Yemen, Rep.",YEM,"Population, total",SP.POP.TOTL,34449825
Zambia,ZMB,"GDP, PPP (current international $)",NY.GDP.MKTP.PP.CD,84863032638.1594
Zambia,ZMB,"Population, total",SP.POP.TOTL,20569737
Zimbabwe,ZWE,"GDP, PPP (current international $)",NY.GDP.MKTP.PP.CD,64993415784.9388
Zimbabwe,ZWE,"Population, total",SP.POP.TOTL,16665409
Africa Eastern and Southern,AFE,"GDP, PPP (current international $)",NY.GDP.MKTP.PP.CD,3296248713982.25
Africa Eastern and Southern,AFE,"Population, total",SP.POP.TOTL,739108306
Africa Western and Central,AFW,"GDP, PPP (current international $)",NY.GDP.MKTP.PP.CD,2709824743173.62
Africa Western and Central,AFW,"Population, total",SP.POP.TOTL,502789511
Arab World,ARB,"GDP, PPP (current international $)",NY.GDP.MKTP.PP.CD,8478046470342.97
Arab World,ARB,"Population, total",SP.POP.TOTL,473272080
Caribbean small states,CSS,"GDP, PPP (current international $)",NY.GDP.MKTP.PP.CD,98750673198.5184
Caribbean small states,CSS,"Population, total",SP.POP.TOTL,3167738
Central Europe and the Baltics,CEB,"GDP, PPP (current international $)",NY.GDP.MKTP.PP.CD,4833673325243.23
Central Europe and the Baltics,CEB,"Population, total",SP.POP.TOTL,100156608
Early-demographic dividend,EAR,"GDP, PPP (current international $)",NY.GDP.MKTP.PP.CD,45656277730873.8
Early-demographic dividend,EAR,"Population, total",SP.POP.TOTL,3486290439
East Asia & Pacific,EAS,"GDP, PPP (current international $)",NY.GDP.MKTP.PP.CD,59827593270908.8
East Asia & Pacific,EAS,"Population, total",SP.POP.TOTL,2380601170
East Asia & Pacific (excluding high income),EAP,"GDP, PPP (current international $)",NY.GDP.MKTP.PP.CD,45384439390621.2
East Asia & Pacific (excluding high income),EAP,"Population, total",SP.POP.TOTL,2133652241
East Asia & Pacific (IDA & IBRD countries),TEA,"GDP, PPP (current international $)",NY.GDP.MKTP.PP.CD,45327959404400.1
East Asia & Pacific (IDA & IBRD countries),TEA,"Population, total",SP.POP.TOTL,2107522258
Euro area,EMU,"GDP, PPP (current international $)",NY.GDP.MKTP.PP.CD,21927411624409.8
Euro area,EMU,"Population, total",SP.POP.TOTL,350357398
Europe & Central Asia,ECS,"GDP, PPP (current international $)",NY.GDP.MKTP.PP.CD,45970683660692.4
Europe & Central Asia,ECS,"Population, total",SP.POP.TOTL,923929755
Europe & Central Asia (excluding high income),ECA,"GDP, PPP (current international $)",NY.GDP.MKTP.PP.CD,6906197469532.62
Europe & Central Asia (excluding high income),ECA,"Population, total",SP.POP.TOTL,247474425
Europe & Central Asia (IDA & IBRD countries),TEC,"GDP, PPP (current international $)",NY.GDP.MKTP.PP.CD,16508094408963.8
Europe & Central Asia (IDA & IBRD countries),TEC,"Population, total",SP.POP.TOTL,457326090
European Union,EUU,"GDP, PPP (current international $)",NY.GDP.MKTP.PP.CD,27125247086182.3
European Union,EUU,"Population, total",SP.POP.TOTL,449476878
Fragile and conflict affected situations,FCS,"GDP, PPP (current international $)",NY.GDP.MKTP.PP.CD,5818952633482.59
Fragile and conflict affected situations,FCS,"Population, total",SP.POP.TOTL,1042703808
Heavily indebted poor countries (HIPC),HPC,"GDP, PPP (current international $)",NY.GDP.MKTP.PP.CD,3112310975702.57
Heavily indebted poor countries (HIPC),HPC,"Population, total",SP.POP.TOTL,907995430
High income,HIC,"GDP, PPP (current international $)",NY.GDP.MKTP.PP.CD,88867950944220.9
High income,HIC,"Population, total",SP.POP.TOTL,1403021503
IBRD only,IBD,"GDP, PPP (current international $)",NY.GDP.MKTP.PP.CD,96944402114448.5
IBRD only,IBD,"Population, total",SP.POP.TOTL,4937047867
IDA & IBRD total,IBT,"GDP, PPP (current international $)",NY.GDP.MKTP.PP.CD,106564127544454
IDA & IBRD total,IBT,"Population, total",SP.POP.TOTL,6819750360
IDA blend,IDB,"GDP, PPP (current international $)",NY.GDP.MKTP.PP.CD,3976154163177.11
IDA blend,IDB,"Population, total",SP.POP.TOTL,622553200
IDA only,IDX,"GDP, PPP (current international $)",NY.GDP.MKTP.PP.CD,5686663482242.54
IDA only,IDX,"Population, total",SP.POP.TOTL,1260149293
IDA total,IDA,"GDP, PPP (current international $)",NY.GDP.MKTP.PP.CD,9636607140028.09
IDA total,IDA,"Population, total",SP.POP.TOTL,1882702493
Late-demographic dividend,LTE,"GDP, PPP (current international $)",NY.GDP.MKTP.PP.CD,60623385938420.6
Late-demographic dividend,LTE,"Population, total",SP.POP.TOTL,2326833223
Latin America & Caribbean,LCN,"GDP, PPP (current international $)",NY.GDP.MKTP.PP.CD,14493678882382.6
Latin America & Caribbean,LCN,"Population, total",SP.POP.TOTL,664155299
Latin America & Caribbean (excluding high income),LAC,"GDP, PPP (current international $)",NY.GDP.MKTP.PP.CD,12556560664674.4
Latin America & Caribbean (excluding high income),LAC,"Population, total",SP.POP.TOTL,600825676
Latin America & the Caribbean (IDA & IBRD countries),TLA,"GDP, PPP (current international $)",NY.GDP.MKTP.PP.CD,14089347108369.7
Latin America & the Caribbean (IDA & IBRD countries),TLA,"Population, total",SP.POP.TOTL,648763330
Least developed countries: UN classification,LDC,"GDP, PPP (current international $)",NY.GDP.MKTP.PP.CD,4848529530858.36
Least developed countries: UN classification,LDC,"Population, total",SP.POP.TOTL,1150346774
Low & middle income,LMY,"GDP, PPP (current international $)",NY.GDP.MKTP.PP.CD,95298435290212.4
Low & middle income,LMY,"Population, total",SP.POP.TOTL,6593137026
Low income,LIC,"GDP, PPP (current international $)",NY.GDP.MKTP.PP.CD,1733702790963.57
Low income,LIC,"Population, total",SP.POP.TOTL,722984063
Lower middle income,LMC,"GDP, PPP (current international $)",NY.GDP.MKTP.PP.CD,28479010892762
Lower middle income,LMC,"Population, total",SP.POP.TOTL,3059564861
Middle East & North Africa,MEA,"GDP, PPP (current international $)",NY.GDP.MKTP.PP.CD,10417492677000.1
Middle East & North Africa,MEA,"Population, total",SP.POP.TOTL,500787313
Middle East & North Africa (excluding high income),MNA,"GDP, PPP (current international $)",NY.GDP.MKTP.PP.CD,6181571693134.57
Middle East & North Africa (excluding high income),MNA,"Population, total",SP.POP.TOTL,430857111
Middle East & North Africa (IDA & IBRD countries),TMN,"GDP, PPP (current international $)",NY.GDP.MKTP.PP.CD,6152025400365.77
Middle East & North Africa (IDA & IBRD countries),TMN,"Population, total",SP.POP.TOTL,425691336
Middle income,MIC,"GDP, PPP (current international $)",NY.GDP.MKTP.PP.CD,93607284156839.6
Middle income,MIC,"Population, total",SP.POP.TOTL,5870152963
North America,NAC,"GDP, PPP (current international $)",NY.GDP.MKTP.PP.CD,29837448629033
North America,NAC,"Population, total",SP.POP.TOTL,375076145
Not classified,INX,"GDP, PPP (current international $)",NY.GDP.MKTP.PP.CD,..
Not classified,INX,"Population, total",SP.POP.TOTL,..
OECD members,OED,"GDP, PPP (current international $)",NY.GDP.MKTP.PP.CD,81653708207007
OECD members,OED,"Population, total",SP.POP.TOTL,1385005653
Other small states,OSS,"GDP, PPP (current international $)",NY.GDP.MKTP.PP.CD,446968191443.28
Other small states,OSS,"Population, total",SP.POP.TOTL,14240737
Pacific island small states,PSS,"GDP, PPP (current international $)",NY.GDP.MKTP.PP.CD,21595255449.5666
Pacific island small states,PSS,"Population, total",SP.POP.TOTL,2677728
Post-demographic dividend,PST,"GDP, PPP (current international $)",NY.GDP.MKTP.PP.CD,72277196069550.4
Post-demographic dividend,PST,"Population, total",SP.POP.TOTL,1119478514
Pre-demographic dividend,PRE,"GDP, PPP (current international $)",NY.GDP.MKTP.PP.CD,4815225857920.88
Pre-demographic dividend,PRE,"Population, total",SP.POP.TOTL,1065710613
Small states,SST,"GDP, PPP (current international $)",NY.GDP.MKTP.PP.CD,567691753343.189
Small states,SST,"Population, total",SP.POP.TOTL,20086203
South Asia,SAS,"GDP, PPP (current international $)",NY.GDP.MKTP.PP.CD,18198822476568.2
South Asia,SAS,"Population, total",SP.POP.TOTL,1938549529
South Asia (IDA & IBRD),TSA,"GDP, PPP (current international $)",NY.GDP.MKTP.PP.CD,18198822476568.2
South Asia (IDA & IBRD),TSA,"Population, total",SP.POP.TOTL,1938549529
Sub-Saharan Africa,SSF,"GDP, PPP (current international $)",NY.GDP.MKTP.PP.CD,6006103781004.81
Sub-Saharan Africa,SSF,"Population, total",SP.POP.TOTL,1241897817
Sub-Saharan Africa (excluding high income),SSA,"GDP, PPP (current international $)",NY.GDP.MKTP.PP.CD,6002188250394.49
Sub-Saharan Africa (excluding high income),SSA,"Population, total",SP.POP.TOTL,1241778044
Sub-Saharan Africa (IDA & IBRD countries),TSS,"GDP, PPP (current international $)",NY.GDP.MKTP.PP.CD,6006103781004.81
Sub-Saharan Africa (IDA & IBRD countries),TSS,"Population, total",SP.POP.TOTL,1241897817
Upper middle income,UMC,"GDP, PPP (current international $)",NY.GDP.MKTP.PP.CD,65088125257033.9
Upper middle income,UMC,"Population, total",SP.POP.TOTL,2810588102
World,WLD,"GDP, PPP (current international $)",NY.GDP.MKTP.PP.CD,184653697198311
World,WLD,"Population, total",SP.POP.TOTL,8024997028
,,,,
,,,,
,,,,
Data from database: World Development Indicators,,,,
Last Updated: 06/28/2024,,,,
